{"cameraMode":{"drawMode":0,"name":"Shaded","section":"Shading Mode"},"sceneLighting":true,"audioPlay":false,"sceneViewState":{"showFog":true,"showMaterialUpdate":false,"showSkybox":true,"showFlares":true,"showImageEffects":true,"showParticleSystems":true},"in2DMode":false,"pivot":{"x":-0.37877559661865237,"y":0.0626072883605957,"z":-5.209526062011719},"rotation":{"x":-0.1674133539199829,"y":0.6649767160415649,"z":-0.15661874413490296,"w":-0.7108089327812195},"size":14.608490943908692,"orthographic":false}